delivery_person_id,name,contact_number,vehicle_type,total_deliveries,average_rating,location
1,Gopal Iyengar,2399064847,Electric Bike,260,2.79,"Sodhi Path, Guindy, Chennai, Tamil Nadu, India - 855532"
2,Vivaan Chokshi,7511941380,Moped,73,3.54,"Sethi Path, Guindy, Chennai, Tamil Nadu, India - 618928"
3,Sathvik Ratta,3185503418,Scooter,212,4.15,"Shah Circle, Kodambakkam, Chennai, Tamil Nadu, India - 999585"
4,Lohit Biswas,2632023974,Scooter,245,2.33,"Venkataraman Marg, Tambaram, Chennai, Tamil Nadu, India - 197423"
5,Veer Madan,3378694937,Moped,100,4.16,"Sanghvi Road, Guindy, Chennai, Tamil Nadu, India - 499683"
6,Tanay Kashyap,6752274869,Electric Bike,122,0.04,"Patel Chowk, Guindy, Chennai, Tamil Nadu, India - 191696"
7,Xavier Om,9.14966E+11,Electric Bike,219,1.12,"Khatri Circle, Tambaram, Chennai, Tamil Nadu, India - 824689"
8,Pallavi Mani,9152071308,Bike,80,0.75,"Brar Chowk, Kodambakkam, Chennai, Tamil Nadu, India - 252186"
9,Rehaan Nagi,9.15972E+11,Motorcycle,14,1.51,"Shenoy, Tambaram, Chennai, Tamil Nadu, India - 545054"
10,Yoshita Ram,9.1311E+11,Scooter,205,3.16,"Gole Zila, Chrompet, Chennai, Tamil Nadu, India - 658222"
11,Ekaraj Sule,774338200,Electric Scooter,161,1.27,"Mohanty Zila, Kilpauk, Chennai, Tamil Nadu, India - 319598"
12,Chaitaly Kakar,9.1254E+11,Bike,84,3.17,"Shah Marg, Mylapore, Chennai, Tamil Nadu, India - 664116"
13,Yatin Handa,5128187638,Electric Scooter,85,4.9,"Chaudhary, Chrompet, Chennai, Tamil Nadu, India - 967058"
14,Teerth Mani,9.15954E+11,Bike,67,2.65,"Bera Marg, Anna Nagar, Chennai, Tamil Nadu, India - 378868"
15,Ranveer Johal,4850460310,Electric Bike,72,0.21,"Batta Road, Tambaram, Chennai, Tamil Nadu, India - 059400"
16,Nathaniel Chad,9.18071E+11,Bike,217,2.52,"Hans Path, Perungudi, Chennai, Tamil Nadu, India - 786709"
17,Ojasvi Kakar,5352377974,Motorcycle,290,1.69,"Hayer Chowk, Adyar, Chennai, Tamil Nadu, India - 576805"
18,Samesh Sinha,5818552120,Electric Bike,246,4.62,"Ratti Path, T. Nagar, Chennai, Tamil Nadu, India - 219097"
19,Krishna Merchant,9.1699E+11,Electric Bike,289,1.14,"Pandey Chowk, Chrompet, Chennai, Tamil Nadu, India - 700464"
20,Mugdha Lata,8530790012,Electric Bike,184,1.2,"Soman Road, Mylapore, Chennai, Tamil Nadu, India - 221330"
21,Wahab Kaul,4064593264,Electric Bike,293,1.42,"Memon Road, T. Nagar, Chennai, Tamil Nadu, India - 548568"
22,Naksh Misra,1571858735,Bike,133,0.65,"Mohanty Chowk, Guindy, Chennai, Tamil Nadu, India - 780917"
23,Nihal Guha,9082087522,Moped,21,1.6,"Borra Nagar, Anna Nagar, Chennai, Tamil Nadu, India - 858690"
24,Tara Nadig,9.11973E+11,Scooter,266,0.56,"Pandey, Adyar, Chennai, Tamil Nadu, India - 897636"
25,Osha Dhingra,9700942497,Bike,271,0.9,"Bava Street, Nungambakkam, Chennai, Tamil Nadu, India - 662923"
26,Anirudh Mammen,9613739355,Moped,244,1.72,"Bhatia, Mylapore, Chennai, Tamil Nadu, India - 183587"
27,Tarak Mandal,2361330728,Bike,147,2.9,"Sane Marg, Velachery, Chennai, Tamil Nadu, India - 763351"
28,Oliver Mall,2969637435,Motorcycle,290,4.33,"Chaudhary Ganj, Adyar, Chennai, Tamil Nadu, India - 132874"
29,Harini Pal,5099612800,Scooter,155,3.91,"Varughese Circle, Chrompet, Chennai, Tamil Nadu, India - 542710"
30,Kamala Chaudhuri,2689450748,Bike,32,4.97,"Tandon Road, Anna Nagar, Chennai, Tamil Nadu, India - 535522"
31,Damini Banik,9.13748E+11,Motorcycle,227,3.56,"Basak Zila, T. Nagar, Chennai, Tamil Nadu, India - 229061"
32,Udant Bala,9992413393,Scooter,161,2.86,"Khosla Circle, Nungambakkam, Chennai, Tamil Nadu, India - 144883"
33,Raksha Chana,8535124725,Motorcycle,173,1.6,"Sinha Circle, Anna Nagar, Chennai, Tamil Nadu, India - 361394"
34,Vasatika Mander,9.19741E+11,Bike,177,1.52,"Khurana Marg, Guindy, Chennai, Tamil Nadu, India - 812821"
35,Chandani Cherian,417355541,Electric Scooter,43,1.45,"Zacharia Circle, T. Nagar, Chennai, Tamil Nadu, India - 840592"
36,Deepa Mammen,7319704936,Electric Bike,88,0.61,"Kala Marg, Mylapore, Chennai, Tamil Nadu, India - 062047"
37,Baljiwan Mohanty,9.11448E+11,Bike,65,4,"Kaul Street, Anna Nagar, Chennai, Tamil Nadu, India - 455027"
38,Damyanti Bains,951583095,Moped,109,0.61,"Bajwa Path, T. Nagar, Chennai, Tamil Nadu, India - 946060"
39,Jack Dash,2066606386,Moped,219,2.9,"Dewan Chowk, Velachery, Chennai, Tamil Nadu, India - 590785"
40,Suhani Bandi,9.15821E+11,Motorcycle,196,1.68,"Aggarwal Marg, T. Nagar, Chennai, Tamil Nadu, India - 323771"
41,Tara Reddy,9.14552E+11,Bike,19,0.25,"Chaudhuri Circle, Chrompet, Chennai, Tamil Nadu, India - 245846"
42,Jonathan Sur,7925517294,Moped,268,1.19,"Sarin Marg, Kodambakkam, Chennai, Tamil Nadu, India - 443183"
43,Jyoti De,6103711443,Scooter,141,1.25,"Walla Chowk, Nungambakkam, Chennai, Tamil Nadu, India - 123623"
44,Andrew Gara,9.13349E+11,Electric Bike,285,4.15,"Banerjee Zila, T. Nagar, Chennai, Tamil Nadu, India - 743643"
45,Laksh Bandi,9.10537E+11,Electric Bike,242,3.87,"Thakkar Zila, Kodambakkam, Chennai, Tamil Nadu, India - 278304"
46,Ati Batra,7067273098,Electric Bike,130,0.61,"Saraf Road, Velachery, Chennai, Tamil Nadu, India - 699691"
47,Omisha Bhat,9.18356E+11,Moped,149,0.5,"Subramaniam Path, Perungudi, Chennai, Tamil Nadu, India - 122723"
48,Ria Kota,7568040385,Electric Bike,93,4.78,"Hayer Path, T. Nagar, Chennai, Tamil Nadu, India - 738580"
49,Balveer Chatterjee,9.11605E+11,Electric Bike,87,1.36,"Manda Zila, Tambaram, Chennai, Tamil Nadu, India - 810172"
50,Mason Dhaliwal,5025556424,Scooter,70,0.13,"Goda Zila, Perungudi, Chennai, Tamil Nadu, India - 933895"
51,Mahika Buch,6367722970,Motorcycle,220,1.95,"Guha Street, Velachery, Chennai, Tamil Nadu, India - 182839"
52,Pratyush Deshpande,7615065846,Electric Scooter,189,0.29,"Venkatesh Path, Anna Nagar, Chennai, Tamil Nadu, India - 805154"
53,Tanvi Khare,9253949515,Electric Bike,137,2.88,"Kadakia Nagar, Kilpauk, Chennai, Tamil Nadu, India - 370190"
54,Dalbir Chand,7881645829,Moped,30,1.86,"Atwal, Mylapore, Chennai, Tamil Nadu, India - 545063"
55,Darpan Chakraborty,9.1127E+11,Motorcycle,25,4.18,"Menon Zila, Chrompet, Chennai, Tamil Nadu, India - 207055"
56,Harita Mahal,9.12065E+11,Bike,242,4.25,"Sharma Street, T. Nagar, Chennai, Tamil Nadu, India - 337692"
57,Faqid Chowdhury,9.1215E+11,Motorcycle,172,0.24,"Oommen Street, Mylapore, Chennai, Tamil Nadu, India - 236924"
58,Indira Kale,402706401,Electric Scooter,85,1.56,"Dixit Marg, Velachery, Chennai, Tamil Nadu, India - 162336"
59,Bakhshi Manne,8152688649,Motorcycle,123,1.58,"Mody Chowk, Adyar, Chennai, Tamil Nadu, India - 500994"
60,Naksh Gokhale,9.10891E+11,Electric Bike,217,0.87,"Rao Marg, Chrompet, Chennai, Tamil Nadu, India - 560640"
61,Pratyush Mistry,3575671987,Moped,125,0.01,"Ravi Ganj, Nungambakkam, Chennai, Tamil Nadu, India - 709910"
62,Panini Mital,9.12557E+11,Electric Bike,100,4.53,"Kakar Marg, Adyar, Chennai, Tamil Nadu, India - 675401"
63,Jagvi Kannan,5670861617,Bike,257,3.88,"Parmer Circle, Nungambakkam, Chennai, Tamil Nadu, India - 596927"
64,Anusha Wali,9.15318E+11,Electric Bike,68,1.95,"Sankar Marg, Nungambakkam, Chennai, Tamil Nadu, India - 701878"
65,Jackson Krishnamurthy,25601921,Electric Scooter,202,4.47,"Sha Ganj, Adyar, Chennai, Tamil Nadu, India - 679235"
66,Harinakshi Thakur,9.13067E+11,Scooter,41,3.99,"Tandon Chowk, Anna Nagar, Chennai, Tamil Nadu, India - 001797"
67,Gautami Sami,6111366175,Scooter,104,3.31,"Uppal Nagar, Kilpauk, Chennai, Tamil Nadu, India - 656734"
68,Gaurang Krishna,5720774149,Electric Bike,66,1.18,"Gaba Marg, Nungambakkam, Chennai, Tamil Nadu, India - 223354"
69,Triya Chandra,3612180669,Electric Bike,78,0.24,"Wable Marg, Adyar, Chennai, Tamil Nadu, India - 227439"
70,Lohit Khare,7683850430,Electric Scooter,168,4.12,"Viswanathan Zila, Chrompet, Chennai, Tamil Nadu, India - 893873"
71,Thomas Dubey,9.1586E+11,Electric Bike,291,4.62,"Dash Street, Tambaram, Chennai, Tamil Nadu, India - 681124"
72,Nicholas Sood,2389276041,Moped,37,1.96,"Bhatti Chowk, Perungudi, Chennai, Tamil Nadu, India - 278933"
73,Gagan Mangal,3160288421,Scooter,1,4.63,"Basak Road, Anna Nagar, Chennai, Tamil Nadu, India - 847542"
74,Anirudh Sinha,3573734388,Electric Scooter,46,1.24,"Sha Street, Kilpauk, Chennai, Tamil Nadu, India - 600675"
75,Udarsh Balakrishnan,9.12324E+11,Electric Scooter,299,2.02,"Thakkar Marg, Chrompet, Chennai, Tamil Nadu, India - 116083"
76,Yuvraj Shetty,9.12138E+11,Electric Bike,68,4.5,"Aurora Chowk, T. Nagar, Chennai, Tamil Nadu, India - 821277"
77,Ekapad Chana,9.18244E+11,Moped,233,2.58,"Dass Zila, Kodambakkam, Chennai, Tamil Nadu, India - 177669"
78,Nathan Chawla,9.10454E+11,Motorcycle,138,4.37,"Viswanathan Ganj, Anna Nagar, Chennai, Tamil Nadu, India - 586586"
79,Faris Murty,6040729785,Moped,180,1.87,"Chad Chowk, T. Nagar, Chennai, Tamil Nadu, India - 046993"
80,Finn Bajaj,6687600686,Electric Bike,97,1.12,"Doctor Circle, Tambaram, Chennai, Tamil Nadu, India - 844820"
81,Manya Dalal,4440089431,Moped,257,2.6,"Handa, Velachery, Chennai, Tamil Nadu, India - 086162"
82,Reyansh Wason,6916964068,Scooter,240,3.02,"Reddy Nagar, Nungambakkam, Chennai, Tamil Nadu, India - 524359"
83,Devika Munshi,4953246963,Scooter,77,4.58,"Ben Street, Mylapore, Chennai, Tamil Nadu, India - 237676"
84,Ria Reddy,9999665763,Motorcycle,234,2.19,"Soman Circle, Mylapore, Chennai, Tamil Nadu, India - 962222"
85,Chaitanya Nagar,9.11428E+11,Scooter,90,0.34,"Grover Road, Mylapore, Chennai, Tamil Nadu, India - 577222"
86,Inaya Sawhney,9.15245E+11,Electric Scooter,33,3.65,"Tak Chowk, Perungudi, Chennai, Tamil Nadu, India - 749319"
87,Aarini Minhas,9.19845E+11,Scooter,272,4.6,"Randhawa Road, Velachery, Chennai, Tamil Nadu, India - 028288"
88,Ronith Keer,3351436305,Motorcycle,177,3.74,"Chana, Tambaram, Chennai, Tamil Nadu, India - 398569"
89,Chandran Dutta,9241196190,Electric Scooter,86,2.55,"Basu Street, Chrompet, Chennai, Tamil Nadu, India - 402917"
90,Ayaan Dar,6115891878,Electric Bike,118,2.82,"Sridhar Street, Kilpauk, Chennai, Tamil Nadu, India - 171085"
91,Lakshmi Gour,5119826494,Motorcycle,20,2.54,"Nath Zila, Kodambakkam, Chennai, Tamil Nadu, India - 691296"
92,Alexander Koshy,2377247231,Motorcycle,294,1.67,"Agate Road, Chrompet, Chennai, Tamil Nadu, India - 865444"
93,Omkaar Kar,2095525889,Electric Scooter,135,3.6,"Manda Street, T. Nagar, Chennai, Tamil Nadu, India - 027116"
94,Aarush Tripathi,9.11251E+11,Electric Bike,209,0.13,"Sood Path, T. Nagar, Chennai, Tamil Nadu, India - 868526"
95,Chandresh Raman,9.17967E+11,Electric Bike,94,3.39,"Basak Ganj, Adyar, Chennai, Tamil Nadu, India - 285142"
96,Krisha Din,9.1396E+11,Moped,58,4.76,"Kamdar Marg, Guindy, Chennai, Tamil Nadu, India - 124341"
97,Jeevika Char,9.11776E+11,Scooter,300,3.89,"Contractor Road, Mylapore, Chennai, Tamil Nadu, India - 140556"
98,Ekanta Dani,5786564494,Motorcycle,297,1.33,"Shetty Road, Velachery, Chennai, Tamil Nadu, India - 379951"
99,Omisha Sangha,9.17101E+11,Scooter,36,3.09,"Manda Road, Kilpauk, Chennai, Tamil Nadu, India - 218967"
100,Gaurangi Mani,479082397,Bike,232,0.9,"Chaudry Ganj, Guindy, Chennai, Tamil Nadu, India - 071899"
101,Ishwar Pillai,5119617429,Motorcycle,120,4.27,"Singh Street, Nungambakkam, Chennai, Tamil Nadu, India - 915340"
102,Kritika Edwin,4376879387,Electric Bike,285,4.39,"Jain Circle, Anna Nagar, Chennai, Tamil Nadu, India - 049637"
103,Wishi Subramaniam,6777199487,Scooter,142,3.68,"Oommen Marg, Tambaram, Chennai, Tamil Nadu, India - 726889"
104,Simon Ray,8676628178,Electric Scooter,137,4.73,"Walla Ganj, T. Nagar, Chennai, Tamil Nadu, India - 455021"
105,Vivaan Shankar,6424187828,Electric Bike,201,0.64,"Ramakrishnan, Chrompet, Chennai, Tamil Nadu, India - 657189"
106,Vasana Vaidya,661970136,Moped,262,3.46,"Balasubramanian Path, Perungudi, Chennai, Tamil Nadu, India - 929470"
107,Gabriel Sharaf,9.13806E+11,Scooter,298,4.14,"Magar Street, Tambaram, Chennai, Tamil Nadu, India - 514409"
108,Aryan Bajaj,393378033,Scooter,223,1.61,"Madan Circle, Anna Nagar, Chennai, Tamil Nadu, India - 171410"
109,Aahana Char,9.1899E+11,Scooter,71,3.56,"Chaudhuri Nagar, Kodambakkam, Chennai, Tamil Nadu, India - 693865"
110,Irya Taneja,9.17452E+11,Scooter,83,2.03,"Sule Ganj, Velachery, Chennai, Tamil Nadu, India - 760759"
111,Chakradhar Basu,9.17101E+11,Electric Scooter,232,4.85,"Hari Street, Mylapore, Chennai, Tamil Nadu, India - 300290"
112,Chandresh Bakshi,8202343567,Scooter,280,0.72,"Ghosh Street, Anna Nagar, Chennai, Tamil Nadu, India - 072041"
113,Kala Shere,8976609958,Motorcycle,203,3.19,"Ram Ganj, Tambaram, Chennai, Tamil Nadu, India - 033508"
114,Jacob Suri,9.17574E+11,Electric Bike,90,4.58,"Sibal Circle, Chrompet, Chennai, Tamil Nadu, India - 181036"
115,Forum Boase,9.19023E+11,Electric Scooter,177,1.29,"Kunda Zila, Chrompet, Chennai, Tamil Nadu, India - 239919"
116,Amaira Mohanty,9.18012E+11,Electric Bike,157,4.77,"Sha Marg, Kilpauk, Chennai, Tamil Nadu, India - 802326"
117,Baljiwan Uppal,4530069082,Motorcycle,47,4.46,"Parmer Chowk, Kilpauk, Chennai, Tamil Nadu, India - 716857"
118,Fiyaz Nayar,9.15098E+11,Electric Scooter,168,3.69,"Shankar Marg, Perungudi, Chennai, Tamil Nadu, India - 694125"
119,Arjun Chaudhari,9.10855E+11,Electric Bike,228,4.7,"Mangat Street, Perungudi, Chennai, Tamil Nadu, India - 820964"
120,Aryan Narayan,9463332128,Electric Bike,218,4.26,"Som Road, Tambaram, Chennai, Tamil Nadu, India - 023892"
121,Yasti Hari,2438202630,Electric Scooter,154,0.46,"Sehgal Path, Kodambakkam, Chennai, Tamil Nadu, India - 707620"
122,Jyoti Mohan,9.13051E+11,Electric Bike,264,2.66,"Ghosh Ganj, Mylapore, Chennai, Tamil Nadu, India - 907417"
123,Chasmum Gole,9.10157E+11,Moped,246,1.85,"Jani Marg, Anna Nagar, Chennai, Tamil Nadu, India - 210691"
124,Rachita Narula,2177173112,Scooter,236,1.58,"Koshy Circle, Kilpauk, Chennai, Tamil Nadu, India - 670695"
125,Ryan Soman,8481356117,Bike,182,2.32,"Barman Marg, Perungudi, Chennai, Tamil Nadu, India - 647166"
126,Hritik Toor,622595381,Electric Scooter,262,0.23,"Tandon Marg, Kodambakkam, Chennai, Tamil Nadu, India - 187368"
127,Yoshita Yohannan,9.10865E+11,Electric Bike,188,2.28,"Saran, Velachery, Chennai, Tamil Nadu, India - 221352"
128,Mohini Sood,822847907,Moped,170,0.71,"Babu Path, Guindy, Chennai, Tamil Nadu, India - 616158"
129,Hamsini Sen,8860923441,Scooter,52,1.19,"Sem Path, Adyar, Chennai, Tamil Nadu, India - 486135"
130,Balendra Ahluwalia,1761321596,Scooter,245,3.96,"Konda Path, Chrompet, Chennai, Tamil Nadu, India - 103694"
131,Deepa Madan,7804641940,Motorcycle,157,4.13,"Sheth Marg, Guindy, Chennai, Tamil Nadu, India - 132397"
132,Ishaan Sarkar,9.12525E+11,Moped,250,0.57,"Sehgal Nagar, Chrompet, Chennai, Tamil Nadu, India - 845880"
133,Mekhala Krish,2373552358,Bike,252,0.31,"Chadha Ganj, Adyar, Chennai, Tamil Nadu, India - 163922"
134,Kevin Lad,36690873,Bike,103,3.71,"Kumar Marg, Kodambakkam, Chennai, Tamil Nadu, India - 052420"
135,Ishwar Gole,7855732400,Electric Scooter,203,2.11,"Lad Path, Mylapore, Chennai, Tamil Nadu, India - 976784"
136,Eiravati Malhotra,9.10024E+11,Scooter,89,1.75,"Sangha Street, Anna Nagar, Chennai, Tamil Nadu, India - 623763"
137,Yamini Shere,9899328733,Electric Bike,187,0.78,"Dhawan, Guindy, Chennai, Tamil Nadu, India - 372137"
138,Alexander Prabhakar,9.14685E+11,Bike,173,2.67,"Kakar Circle, Tambaram, Chennai, Tamil Nadu, India - 677488"
139,Gautami Bhat,9.15378E+11,Motorcycle,12,1.72,"Saran, Tambaram, Chennai, Tamil Nadu, India - 992701"
140,Jeremiah Bhardwaj,9.15999E+11,Scooter,102,0.37,"Memon Marg, Nungambakkam, Chennai, Tamil Nadu, India - 508384"
141,Theodore Bakshi,7302623406,Electric Scooter,225,3.1,"Rana Zila, Anna Nagar, Chennai, Tamil Nadu, India - 648930"
142,Hemani Kala,8764036043,Bike,46,3.77,"Karpe Marg, Nungambakkam, Chennai, Tamil Nadu, India - 631828"
143,Netra Dewan,5815438790,Scooter,168,0.34,"Kari Circle, Chrompet, Chennai, Tamil Nadu, India - 394378"
144,Hemal Mannan,8237009042,Bike,49,1.49,"Kapoor Marg, T. Nagar, Chennai, Tamil Nadu, India - 395689"
145,Indrajit Ganesh,4351513669,Moped,145,3.53,"Khosla, Kodambakkam, Chennai, Tamil Nadu, India - 585372"
146,Umang Nadig,3289441815,Moped,48,3.87,"Muni Path, Mylapore, Chennai, Tamil Nadu, India - 642583"
147,Hardik Kala,7413009518,Bike,180,0.21,"Datta Zila, T. Nagar, Chennai, Tamil Nadu, India - 497702"
148,Urmi Maharaj,7569260980,Bike,259,1.27,"Mahal Zila, Perungudi, Chennai, Tamil Nadu, India - 952779"
149,Chameli Ganesan,9.14552E+11,Electric Bike,243,4.31,"Bakshi Nagar, Perungudi, Chennai, Tamil Nadu, India - 465503"
150,Vrishti Kapur,555074166,Electric Scooter,127,2.59,"Kumar Circle, Tambaram, Chennai, Tamil Nadu, India - 211437"
151,Onveer Jaggi,5657168824,Motorcycle,255,1.72,"Merchant Ganj, Anna Nagar, Chennai, Tamil Nadu, India - 681123"
152,Upkaar Bedi,9.17282E+11,Moped,231,3.59,"Purohit Ganj, Velachery, Chennai, Tamil Nadu, India - 451842"
153,Abeer Krish,9.12712E+11,Moped,68,0.19,"Boase Chowk, Adyar, Chennai, Tamil Nadu, India - 989918"
154,Anita Dani,1675003495,Motorcycle,223,3.98,"Batra Chowk, Kodambakkam, Chennai, Tamil Nadu, India - 033352"
155,Chandani Palan,9.15574E+11,Bike,40,2.8,"Arora Chowk, Guindy, Chennai, Tamil Nadu, India - 243421"
156,Nitara Sethi,5050117923,Bike,300,0.84,"Ray Ganj, Adyar, Chennai, Tamil Nadu, India - 348638"
157,Hemang Guha,9.15118E+11,Scooter,43,0.02,"Mahajan Road, T. Nagar, Chennai, Tamil Nadu, India - 653950"
158,Ati Raghavan,81014344,Scooter,19,1.43,"Mani Path, Kilpauk, Chennai, Tamil Nadu, India - 598911"
159,Jagvi Boase,4969552403,Scooter,134,3.06,"Zachariah Chowk, Kilpauk, Chennai, Tamil Nadu, India - 795094"
160,Omaja Sawhney,9.10742E+11,Bike,66,1.96,"Bobal Street, Adyar, Chennai, Tamil Nadu, India - 002685"
161,Umang Jani,9.1811E+11,Electric Bike,225,1.84,"Narasimhan Circle, Chrompet, Chennai, Tamil Nadu, India - 787676"
162,Krish Dani,9771366383,Electric Scooter,257,3.3,"Bose Marg, Chrompet, Chennai, Tamil Nadu, India - 581718"
163,Jason Dube,6845203757,Moped,59,4.62,"Rama Circle, Mylapore, Chennai, Tamil Nadu, India - 787874"
164,Faraj Thakur,9.19717E+11,Electric Bike,107,3.93,"Bandi Nagar, Guindy, Chennai, Tamil Nadu, India - 051948"
165,Suhani Boase,5906219936,Electric Bike,136,2.11,"Barman Road, Tambaram, Chennai, Tamil Nadu, India - 568411"
166,Naksh Raval,703041116,Bike,186,3.32,"Tailor Nagar, Kilpauk, Chennai, Tamil Nadu, India - 754215"
167,Balendra Batra,1944386848,Moped,246,0.98,"Devi Chowk, Velachery, Chennai, Tamil Nadu, India - 172925"
168,Jonathan Thakur,9.1397E+11,Moped,95,4.85,"Singh Chowk, Adyar, Chennai, Tamil Nadu, India - 565166"
169,Varsha Bhatt,9.1162E+11,Electric Scooter,197,2.18,"Brar Zila, Nungambakkam, Chennai, Tamil Nadu, India - 222480"
170,Chatura Koshy,9.19651E+11,Moped,209,0.06,"Bhatt Road, Kilpauk, Chennai, Tamil Nadu, India - 551911"
171,Hamsini Din,7654108371,Electric Bike,236,1.76,"Loke Path, Guindy, Chennai, Tamil Nadu, India - 585409"
172,Zarna Bhattacharyya,9.14782E+11,Moped,153,4.81,"Soman Street, Chrompet, Chennai, Tamil Nadu, India - 646224"
173,Dhruv Shere,400608161,Moped,248,3.16,"Dhar Marg, T. Nagar, Chennai, Tamil Nadu, India - 248358"
174,Daniel Pau,5189837291,Electric Bike,25,2.03,"Sandal Street, Anna Nagar, Chennai, Tamil Nadu, India - 217541"
175,Pranit Batra,7025090444,Motorcycle,89,0.5,"Dhawan, Kilpauk, Chennai, Tamil Nadu, India - 943398"
176,Meera Panchal,9.10317E+11,Electric Bike,185,0.97,"Saran Road, Guindy, Chennai, Tamil Nadu, India - 261867"
177,Benjamin Saha,292246703,Electric Scooter,219,1.38,"Narain Circle, T. Nagar, Chennai, Tamil Nadu, India - 373509"
178,Abhimanyu Sibal,556682010,Moped,91,4.79,"Kurian Road, Perungudi, Chennai, Tamil Nadu, India - 610146"
179,Hamsini Wali,8403542809,Moped,278,1.05,"Dora Path, Perungudi, Chennai, Tamil Nadu, India - 306408"
180,Ekani Aggarwal,4454185358,Electric Scooter,220,2.84,"Chakrabarti Road, Tambaram, Chennai, Tamil Nadu, India - 061259"
181,Bimala Palla,9.16766E+11,Scooter,163,0.2,"Vohra Circle, Mylapore, Chennai, Tamil Nadu, India - 429685"
182,Ekta Chanda,9.1054E+11,Electric Scooter,134,4.44,"Deol Street, Nungambakkam, Chennai, Tamil Nadu, India - 538961"
183,Meera Parmar,9.19622E+11,Electric Scooter,12,2.46,"Vasa Path, Perungudi, Chennai, Tamil Nadu, India - 828713"
184,Omkaar Parmar,9.10485E+11,Motorcycle,70,0.77,"Bakshi Marg, T. Nagar, Chennai, Tamil Nadu, India - 904012"
185,Champak Ghose,9.10831E+11,Moped,137,3.42,"Bala, Guindy, Chennai, Tamil Nadu, India - 302623"
186,Dayamai Rattan,2452033227,Motorcycle,174,1.94,"Bera Ganj, Velachery, Chennai, Tamil Nadu, India - 952896"
187,Ronith Shetty,4547359828,Electric Bike,55,3.71,"Krishna Path, Tambaram, Chennai, Tamil Nadu, India - 951613"
188,Panini Cheema,1920977612,Electric Scooter,168,1.18,"Vala Ganj, Chrompet, Chennai, Tamil Nadu, India - 338404"
189,Ridhi Tara,7375167685,Electric Bike,1,2,"Natt Road, Mylapore, Chennai, Tamil Nadu, India - 708520"
190,Ridhi Barman,3435008812,Motorcycle,48,2.15,"Jaggi Street, Tambaram, Chennai, Tamil Nadu, India - 202278"
191,Ishanvi Saran,9.10967E+11,Bike,173,4.14,"Dutt Road, Anna Nagar, Chennai, Tamil Nadu, India - 266019"
192,Warda Tata,5976764218,Electric Bike,18,0.24,"Talwar, Nungambakkam, Chennai, Tamil Nadu, India - 861684"
193,Omya Arya,8809336230,Electric Bike,48,0.22,"Tank Nagar, Nungambakkam, Chennai, Tamil Nadu, India - 123842"
194,Zayan Bahl,7622092137,Electric Scooter,285,3.49,"Suresh Marg, T. Nagar, Chennai, Tamil Nadu, India - 902207"
195,Oeshi Dayal,7052704376,Bike,216,0.92,"Mannan Ganj, Guindy, Chennai, Tamil Nadu, India - 110247"
196,Falan Pillay,9.18121E+11,Moped,240,3.15,"Dara Path, T. Nagar, Chennai, Tamil Nadu, India - 324283"
197,Viraj Krishnamurthy,6474448845,Electric Scooter,69,3.63,"Bora Street, Velachery, Chennai, Tamil Nadu, India - 464277"
198,Warhi Bhandari,8205873436,Moped,236,0.71,"Kumer Circle, Anna Nagar, Chennai, Tamil Nadu, India - 367730"
199,Ikbal Kar,879351072,Motorcycle,137,1.85,"Seth Chowk, Nungambakkam, Chennai, Tamil Nadu, India - 638293"
200,Ekanta Konda,9739124708,Bike,83,0.38,"Sarna Marg, Chrompet, Chennai, Tamil Nadu, India - 333689"
201,Keya Krish,9.13006E+11,Scooter,96,0.9,"Morar, Mylapore, Chennai, Tamil Nadu, India - 875365"
202,Ria Doctor,9.11388E+11,Motorcycle,5,0.6,"Kapadia Chowk, Nungambakkam, Chennai, Tamil Nadu, India - 206381"
203,Reva Bera,9.10742E+11,Moped,7,0.98,"Dar Chowk, Perungudi, Chennai, Tamil Nadu, India - 328126"
204,Yashvi Ratti,9814109578,Electric Bike,54,1.19,"Borah Path, Perungudi, Chennai, Tamil Nadu, India - 924679"
205,Dipta Tank,1107502425,Bike,105,0.71,"Mitter Zila, Perungudi, Chennai, Tamil Nadu, India - 892262"
206,Ikbal Jayaraman,4988631732,Bike,188,2.04,"Sandal Nagar, Anna Nagar, Chennai, Tamil Nadu, India - 060313"
207,Omisha Patil,9.15024E+11,Moped,19,2.31,"Vaidya Chowk, Kilpauk, Chennai, Tamil Nadu, India - 032435"
208,Adweta Reddy,8837557222,Motorcycle,201,1.17,"Vala Chowk, Mylapore, Chennai, Tamil Nadu, India - 929960"
209,Vihaan Nagi,9.16408E+11,Scooter,12,2.27,"Raju Ganj, Adyar, Chennai, Tamil Nadu, India - 878792"
210,Vedhika Lad,2058421815,Electric Bike,49,4.14,"Sami Street, Kodambakkam, Chennai, Tamil Nadu, India - 266525"
211,Gaurang Chander,9507748327,Motorcycle,10,3.95,"Varghese Street, Adyar, Chennai, Tamil Nadu, India - 800182"
212,Xavier Rege,3996788969,Scooter,177,0.37,"Jayaraman Ganj, Tambaram, Chennai, Tamil Nadu, India - 532012"
213,Rayaan Pal,9.16456E+11,Electric Bike,242,3.39,"Bose Marg, T. Nagar, Chennai, Tamil Nadu, India - 848358"
214,Arin Pathak,9.19608E+11,Electric Bike,266,0.79,"Rastogi Nagar, Kilpauk, Chennai, Tamil Nadu, India - 985574"
215,Nathaniel Comar,1589586778,Moped,29,2.56,"Mahal Road, Nungambakkam, Chennai, Tamil Nadu, India - 435325"
216,Laban Deep,9.1941E+11,Moped,108,3.41,"Dyal Path, Chrompet, Chennai, Tamil Nadu, India - 261157"
217,Amaira Handa,2508336501,Electric Scooter,272,2.51,"Ranganathan Zila, Nungambakkam, Chennai, Tamil Nadu, India - 168213"
218,Wriddhish Doshi,9.12573E+11,Electric Scooter,237,4.36,"Warrior Zila, Adyar, Chennai, Tamil Nadu, India - 377943"
219,Charles Karpe,7305842125,Motorcycle,10,4.57,"Kurian Chowk, Adyar, Chennai, Tamil Nadu, India - 954710"
220,Meera Sami,6172944007,Electric Scooter,238,4.46,"Chad Street, Kodambakkam, Chennai, Tamil Nadu, India - 760758"
221,Baljiwan Tank,2717765526,Moped,231,2.6,"Chander Road, Anna Nagar, Chennai, Tamil Nadu, India - 429519"
222,Diya Behl,1738814907,Moped,183,3.25,"Bhattacharyya Zila, Kilpauk, Chennai, Tamil Nadu, India - 154863"
223,Unnati Sharaf,9.10905E+11,Bike,12,4.16,"Thakkar Marg, Perungudi, Chennai, Tamil Nadu, India - 050740"
224,Ranbir Bawa,9.10743E+11,Bike,216,2.7,"Kapadia Marg, Kilpauk, Chennai, Tamil Nadu, India - 553663"
225,Onveer Bera,9.15507E+11,Motorcycle,208,3.38,"Ramachandran Marg, Adyar, Chennai, Tamil Nadu, India - 912988"
226,Dalbir Khalsa,9.12227E+11,Moped,269,0.89,"Roy Marg, Tambaram, Chennai, Tamil Nadu, India - 394363"
227,Harinakshi Kapoor,6496528895,Electric Scooter,129,1.62,"Mittal Chowk, Adyar, Chennai, Tamil Nadu, India - 269452"
228,Maanav Sandhu,9.12652E+11,Electric Bike,215,1.38,"Agate Circle, Perungudi, Chennai, Tamil Nadu, India - 437764"
229,Dhriti Chokshi,6166948871,Scooter,271,4.38,"Agate Street, Perungudi, Chennai, Tamil Nadu, India - 820589"
230,Manthan Mohanty,5106108544,Electric Scooter,277,4.15,"Ravel Ganj, Chrompet, Chennai, Tamil Nadu, India - 831304"
231,Ekiya Singhal,6842185157,Bike,1,4.29,"Shere Path, T. Nagar, Chennai, Tamil Nadu, India - 957068"
232,Sarthak Saraf,8584582800,Motorcycle,31,3.98,"Shan Ganj, Adyar, Chennai, Tamil Nadu, India - 070441"
233,Qarin Chakrabarti,9.14113E+11,Electric Scooter,128,2.24,"Bakshi, Chrompet, Chennai, Tamil Nadu, India - 808253"
234,Madhav Randhawa,268385926,Electric Scooter,193,4.6,"Mangal Ganj, Perungudi, Chennai, Tamil Nadu, India - 696025"
235,Manbir Sengupta,9664117426,Scooter,1,4.65,"Mani Zila, Chrompet, Chennai, Tamil Nadu, India - 037814"
236,Amruta Bhatia,9.17372E+11,Electric Scooter,118,2.15,"Sharma Circle, T. Nagar, Chennai, Tamil Nadu, India - 592593"
237,Oscar Khurana,9.14936E+11,Scooter,254,1.16,"Pall Circle, Adyar, Chennai, Tamil Nadu, India - 396934"
238,Aayush Bahri,28524269,Moped,211,4.89,"Modi Street, T. Nagar, Chennai, Tamil Nadu, India - 798609"
239,Praneel Gola,9.12905E+11,Bike,223,4.53,"Chad Path, Chrompet, Chennai, Tamil Nadu, India - 522533"
240,Faris Ravel,4270659786,Scooter,286,4.45,"Sarraf Road, Nungambakkam, Chennai, Tamil Nadu, India - 932424"
241,Warhi Wali,9.12594E+11,Moped,90,1.54,"Chhabra Nagar, Adyar, Chennai, Tamil Nadu, India - 228223"
242,Omisha Agarwal,6322871682,Moped,273,4.48,"Dutta Nagar, Kodambakkam, Chennai, Tamil Nadu, India - 660993"
243,Vritti Khatri,474116633,Motorcycle,74,2.06,"Bhatnagar Chowk, Velachery, Chennai, Tamil Nadu, India - 935025"
244,Ansh Sura,9.17014E+11,Moped,35,3.15,"Pillay Nagar, Guindy, Chennai, Tamil Nadu, India - 901395"
245,Forum Madan,9.10873E+11,Motorcycle,20,0.14,"Char Zila, Kodambakkam, Chennai, Tamil Nadu, India - 805581"
246,Nandini Shenoy,8327032902,Motorcycle,150,1.89,"Setty Road, Chrompet, Chennai, Tamil Nadu, India - 234935"
247,Nidra Trivedi,6612382611,Moped,268,0.99,"Sami Circle, Mylapore, Chennai, Tamil Nadu, India - 228113"
248,Rudra Bhattacharyya,7649456960,Scooter,85,1.46,"Bahri Nagar, Kodambakkam, Chennai, Tamil Nadu, India - 554768"
249,Yashasvi Rattan,9.12817E+11,Moped,92,4.38,"Behl Road, Kilpauk, Chennai, Tamil Nadu, India - 740420"
250,Oscar Murthy,3098520684,Bike,272,4.4,"Sarkar Circle, Perungudi, Chennai, Tamil Nadu, India - 145524"
251,Yochana De,9.1386E+11,Bike,54,2.92,"Chhabra Chowk, Adyar, Chennai, Tamil Nadu, India - 235131"
252,Oscar Kakar,7128825485,Moped,27,1,"Srinivas Street, Adyar, Chennai, Tamil Nadu, India - 271463"
253,Gaurika Bala,9619606760,Bike,289,2.69,"Pai Road, Kilpauk, Chennai, Tamil Nadu, India - 333943"
254,Eshana Salvi,7794083787,Bike,124,0.43,"Pau Zila, Anna Nagar, Chennai, Tamil Nadu, India - 954891"
255,Shivansh Mittal,9.14053E+11,Bike,221,3.27,"Jayaraman Circle, T. Nagar, Chennai, Tamil Nadu, India - 420453"
256,Samaksh Guha,1713626299,Motorcycle,106,0.49,"Gopal, Perungudi, Chennai, Tamil Nadu, India - 811531"
257,Bhavya Menon,2962626620,Motorcycle,185,2.74,"Raghavan Circle, Adyar, Chennai, Tamil Nadu, India - 604413"
258,Abhiram Lala,9.17432E+11,Bike,18,3.22,"Tank Road, Chrompet, Chennai, Tamil Nadu, India - 931958"
259,Vinaya Varty,7680603530,Moped,260,0.79,"Tara Path, Chrompet, Chennai, Tamil Nadu, India - 799761"
260,Balvan Dar,3853020159,Electric Scooter,259,2.46,"Bir Ganj, Anna Nagar, Chennai, Tamil Nadu, India - 737379"
261,Rudra Loke,3894197051,Electric Scooter,182,0.8,"Iyengar Nagar, Kilpauk, Chennai, Tamil Nadu, India - 676788"
262,Atharv Mittal,236739126,Bike,143,2.78,"Anand Zila, T. Nagar, Chennai, Tamil Nadu, India - 664415"
263,Theodore Basu,7727114096,Bike,138,4.49,"Bajwa, Tambaram, Chennai, Tamil Nadu, India - 829214"
264,Aayush Agrawal,4831995883,Moped,138,3.78,"Ahluwalia Path, Mylapore, Chennai, Tamil Nadu, India - 890450"
265,Aishani Kapur,3718535631,Electric Scooter,8,2,"Dugal Zila, Velachery, Chennai, Tamil Nadu, India - 195129"
266,Vritti Baral,2485939582,Electric Scooter,259,3.89,"Dutta Ganj, Chrompet, Chennai, Tamil Nadu, India - 037845"
267,Gunbir Bakshi,8713021319,Electric Bike,232,4.88,"Viswanathan Street, Kodambakkam, Chennai, Tamil Nadu, India - 299112"
268,Vedhika Choudhry,9.15976E+11,Electric Bike,66,1.15,"Kara Road, Kilpauk, Chennai, Tamil Nadu, India - 084494"
269,Varenya Chhabra,6816702027,Electric Bike,67,1.54,"Kala Zila, Perungudi, Chennai, Tamil Nadu, India - 776985"
270,Tristan Lall,9.10712E+11,Electric Scooter,200,3.24,"Shenoy Ganj, Chrompet, Chennai, Tamil Nadu, India - 528118"
271,Dakshesh Dara,2197425743,Electric Bike,277,1.32,"Bandi Path, Perungudi, Chennai, Tamil Nadu, India - 904971"
272,Yutika Mitter,7847421658,Moped,291,4.13,"Sidhu Path, Guindy, Chennai, Tamil Nadu, India - 535645"
273,Darpan Bava,7405166552,Electric Bike,268,4.05,"Nagi Path, Perungudi, Chennai, Tamil Nadu, India - 322149"
274,Gautam Shroff,884991964,Scooter,157,0.52,"Sampath Circle, Tambaram, Chennai, Tamil Nadu, India - 154195"
275,Yauvani Ravel,9.14466E+11,Electric Scooter,41,3.02,"Nayar Chowk, Perungudi, Chennai, Tamil Nadu, India - 946764"
276,Ekantika Aurora,3621580571,Electric Bike,97,4.8,"Thakur, Tambaram, Chennai, Tamil Nadu, India - 269936"
277,Aarnav Narain,9240437406,Moped,234,1.07,"Chana, Nungambakkam, Chennai, Tamil Nadu, India - 320566"
278,Chakradhar Das,1723885234,Bike,100,0.23,"Dora, Velachery, Chennai, Tamil Nadu, India - 011529"
279,Parth Apte,9622435557,Bike,227,0.39,"Palla Ganj, Velachery, Chennai, Tamil Nadu, India - 804902"
280,Chasmum Thakur,8247320887,Scooter,171,2.76,"Natarajan Circle, Kodambakkam, Chennai, Tamil Nadu, India - 428707"
281,Aayush Srinivas,8747257536,Moped,171,3.22,"Mohan Zila, Guindy, Chennai, Tamil Nadu, India - 849011"
282,Avi Bhatia,629197890,Moped,131,2.13,"Sengupta Marg, Chrompet, Chennai, Tamil Nadu, India - 001236"
283,Kiaan Bora,6845759048,Bike,56,3.31,"Taneja Nagar, Perungudi, Chennai, Tamil Nadu, India - 536622"
284,Aditya Sekhon,2538145530,Electric Scooter,96,1.35,"Dugar, Velachery, Chennai, Tamil Nadu, India - 068238"
285,Nilima Mahal,9.12702E+11,Scooter,112,1.05,"Bhattacharyya Path, Adyar, Chennai, Tamil Nadu, India - 905008"
286,David Arora,9.19397E+11,Moped,50,2.93,"Golla Chowk, Anna Nagar, Chennai, Tamil Nadu, India - 101246"
287,Vedant Chanda,4407258148,Electric Bike,100,4.61,"Sami, Perungudi, Chennai, Tamil Nadu, India - 841874"
288,Idika Jaggi,9.14876E+11,Moped,242,2.13,"Goyal Marg, Velachery, Chennai, Tamil Nadu, India - 371432"
289,Isaiah De,1500350680,Motorcycle,224,0.74,"Bawa Path, Anna Nagar, Chennai, Tamil Nadu, India - 704212"
290,Ishani Dhingra,9.18783E+11,Scooter,93,3.54,"Kannan Nagar, Chrompet, Chennai, Tamil Nadu, India - 647337"
291,Siddharth Tata,9426996989,Electric Scooter,268,0.4,"Sehgal Road, Velachery, Chennai, Tamil Nadu, India - 198482"
292,Hritik Narula,7205593765,Electric Scooter,25,4.39,"Trivedi Ganj, Kilpauk, Chennai, Tamil Nadu, India - 139471"
293,Tamanna Manda,3092507742,Bike,144,3.05,"Pandey, Perungudi, Chennai, Tamil Nadu, India - 139930"
294,Harinakshi Walla,2333670802,Electric Scooter,85,4.71,"Sur Ganj, Perungudi, Chennai, Tamil Nadu, India - 844756"
295,Urishilla Shan,9195014877,Scooter,33,2.52,"Divan Chowk, Mylapore, Chennai, Tamil Nadu, India - 076892"
296,Amara Mann,9735831087,Moped,40,2,"Nori, Velachery, Chennai, Tamil Nadu, India - 643037"
297,Jhalak Sawhney,9.19796E+11,Moped,230,0.73,"Bhattacharyya Zila, Chrompet, Chennai, Tamil Nadu, India - 027344"
298,Deepa Chander,9.15087E+11,Electric Bike,226,0.2,"Dixit Ganj, T. Nagar, Chennai, Tamil Nadu, India - 371741"
299,Yashica Aggarwal,6939247121,Moped,262,1.53,"Golla Marg, Tambaram, Chennai, Tamil Nadu, India - 053125"
300,Watika Raju,9.1274E+11,Electric Bike,198,4.09,"Mishra Ganj, Tambaram, Chennai, Tamil Nadu, India - 663334"
301,Naveen Choudhary,548133901,Electric Bike,155,2.29,"Kibe, Guindy, Chennai, Tamil Nadu, India - 273108"
302,Oscar Bala,9.1809E+11,Electric Bike,125,0.25,"Jani Nagar, Kodambakkam, Chennai, Tamil Nadu, India - 028627"
303,Qabil Sheth,9.17342E+11,Motorcycle,252,2.65,"Hayer, Velachery, Chennai, Tamil Nadu, India - 914674"
304,Vamakshi Kar,7641652697,Moped,98,0.89,"Naik Marg, Adyar, Chennai, Tamil Nadu, India - 540146"
305,Yadavi Sami,1075295626,Scooter,3,4.66,"Suresh Chowk, Mylapore, Chennai, Tamil Nadu, India - 112739"
306,Yahvi Saran,9320450732,Scooter,182,4.11,"Pradhan Zila, Perungudi, Chennai, Tamil Nadu, India - 318305"
307,Radha Balasubramanian,3511182756,Moped,249,1.86,"Raman Street, Guindy, Chennai, Tamil Nadu, India - 222095"
308,Amaira Tak,7125904270,Bike,285,4.43,"Choudhary Circle, Nungambakkam, Chennai, Tamil Nadu, India - 541667"
309,Onveer Dube,5779106461,Scooter,268,0.71,"Devan Road, Nungambakkam, Chennai, Tamil Nadu, India - 572452"
310,Aarna Lala,4790202031,Motorcycle,297,2.68,"Chopra, Kodambakkam, Chennai, Tamil Nadu, India - 581863"
311,Charles Prabhakar,9.18698E+11,Moped,64,3.57,"Sarkar Ganj, Adyar, Chennai, Tamil Nadu, India - 080866"
312,Ikshita Chawla,6044091050,Scooter,128,2.11,"Garg, T. Nagar, Chennai, Tamil Nadu, India - 588854"
313,Patrick Baral,3030731104,Electric Scooter,106,4.49,"Majumdar Chowk, Kodambakkam, Chennai, Tamil Nadu, India - 920684"
314,Chakradhar Patil,6868589277,Bike,198,0.69,"Vora Circle, Kodambakkam, Chennai, Tamil Nadu, India - 464375"
315,Ria Solanki,9.10539E+11,Moped,222,1.31,"Apte Road, Kodambakkam, Chennai, Tamil Nadu, India - 792506"
316,Fiyaz Wason,5727874136,Motorcycle,186,1.1,"Wagle Street, Mylapore, Chennai, Tamil Nadu, India - 237214"
317,Ishwar Sandal,7201000152,Motorcycle,10,3.86,"Gopal Marg, Adyar, Chennai, Tamil Nadu, India - 590961"
318,Ekaraj Narula,4037813880,Moped,250,3.63,"Kar Chowk, Anna Nagar, Chennai, Tamil Nadu, India - 327895"
319,Zashil Badal,6529375960,Scooter,53,1.85,"Soman Chowk, Perungudi, Chennai, Tamil Nadu, India - 868968"
320,Sarthak Mannan,1614914913,Bike,155,1.05,"Yadav Ganj, Nungambakkam, Chennai, Tamil Nadu, India - 498083"
321,Mohammed Sampath,9117565804,Bike,200,3.26,"Sarma Path, Chrompet, Chennai, Tamil Nadu, India - 266764"
322,Vedika Baria,8635770797,Scooter,128,0.4,"Suri Circle, Tambaram, Chennai, Tamil Nadu, India - 823025"
323,Yadavi Kant,9108061491,Motorcycle,0,0.21,"Desai Chowk, Kilpauk, Chennai, Tamil Nadu, India - 035795"
324,Upadhriti Raval,7128763176,Motorcycle,286,1.63,"Mand Path, Velachery, Chennai, Tamil Nadu, India - 968083"
325,Mohini Dar,9.19727E+11,Electric Scooter,279,4.96,"Magar Path, Nungambakkam, Chennai, Tamil Nadu, India - 689776"
326,Amol Mammen,7225113476,Electric Bike,223,2.71,"Chhabra Road, Velachery, Chennai, Tamil Nadu, India - 687167"
327,Ati Sha,9.18268E+11,Electric Scooter,288,1.8,"Sankaran Path, Chrompet, Chennai, Tamil Nadu, India - 627439"
328,Laban Manne,9.12719E+11,Electric Bike,210,3.68,"De Circle, Adyar, Chennai, Tamil Nadu, India - 098786"
329,Aarini Mahajan,4306825321,Motorcycle,273,3.91,"Minhas Street, Guindy, Chennai, Tamil Nadu, India - 824734"
330,Ekaraj Oza,9.18579E+11,Motorcycle,299,0.07,"Pai Marg, Anna Nagar, Chennai, Tamil Nadu, India - 835818"
331,Niharika Sood,848968649,Moped,201,2.48,"Mahajan Chowk, Mylapore, Chennai, Tamil Nadu, India - 747073"
332,Ekiya Pal,4000354650,Scooter,213,0.22,"Ramaswamy Marg, Mylapore, Chennai, Tamil Nadu, India - 200686"
333,Yashica Patil,4589430291,Bike,94,0.47,"Dugar Nagar, Kodambakkam, Chennai, Tamil Nadu, India - 541951"
334,Pallavi Lad,9.1218E+11,Bike,146,1.64,"Baral Marg, Mylapore, Chennai, Tamil Nadu, India - 441415"
335,Bhavika Luthra,8192115160,Electric Bike,22,4.93,"Kale Nagar, T. Nagar, Chennai, Tamil Nadu, India - 333585"
336,Anusha Jayaraman,7784664071,Scooter,236,2.91,"Bir Path, Velachery, Chennai, Tamil Nadu, India - 933933"
337,Ojasvi Edwin,5739954726,Electric Bike,282,3.97,"Lad, Anna Nagar, Chennai, Tamil Nadu, India - 103296"
338,Neha Srinivas,6876507871,Electric Scooter,265,3.21,"Mital Road, Kodambakkam, Chennai, Tamil Nadu, India - 584529"
339,Ekantika Patla,3282031444,Electric Scooter,272,2.81,"Keer Street, Kilpauk, Chennai, Tamil Nadu, India - 062703"
340,Vasana Walia,3117517262,Electric Bike,291,3.54,"Grover Road, Kilpauk, Chennai, Tamil Nadu, India - 929808"
341,Watika Buch,2122570745,Moped,203,3.32,"Mukherjee Zila, Adyar, Chennai, Tamil Nadu, India - 975078"
342,Aachal Barman,756998285,Electric Scooter,210,3.46,"Sani, T. Nagar, Chennai, Tamil Nadu, India - 127813"
343,Urvi Chakraborty,9.1394E+11,Motorcycle,274,3.98,"Baria Circle, T. Nagar, Chennai, Tamil Nadu, India - 585224"
344,Shravya Mammen,8878906272,Bike,24,1.65,"Mitra Chowk, Velachery, Chennai, Tamil Nadu, India - 828397"
345,Bhavini Bandi,8338866705,Scooter,31,2.17,"Garg Circle, Kilpauk, Chennai, Tamil Nadu, India - 745608"
346,Shivani Natt,2336021928,Bike,9,4.75,"Ramanathan Road, Tambaram, Chennai, Tamil Nadu, India - 152541"
347,Odika Naik,9.16462E+11,Bike,39,1.79,"Bose Nagar, Guindy, Chennai, Tamil Nadu, India - 197506"
348,Pranit Nayar,9.19197E+11,Motorcycle,66,2.43,"Bal Nagar, Chrompet, Chennai, Tamil Nadu, India - 852137"
349,Tamanna Krish,578345713,Electric Bike,218,3.88,"Mahal Ganj, Anna Nagar, Chennai, Tamil Nadu, India - 477414"
350,Simon Hayre,2211247409,Bike,242,3.59,"Wadhwa Zila, Velachery, Chennai, Tamil Nadu, India - 435524"
351,Sneha Dyal,9.15229E+11,Scooter,91,3.97,"Dani Road, Chrompet, Chennai, Tamil Nadu, India - 263907"
352,Max Dani,9643301726,Bike,182,4.33,"Misra Path, Kilpauk, Chennai, Tamil Nadu, India - 426495"
353,Samuel Bora,5217838420,Electric Bike,250,4.01,"Gandhi Nagar, T. Nagar, Chennai, Tamil Nadu, India - 735319"
354,Chakradev Peri,7243517799,Electric Scooter,96,1.59,"Dhawan Path, Kodambakkam, Chennai, Tamil Nadu, India - 558851"
355,Lavanya Ganesan,205170482,Electric Scooter,81,1.66,"Raval Street, Velachery, Chennai, Tamil Nadu, India - 299195"
356,Reva Johal,6048370366,Electric Bike,189,0.18,"Nair Nagar, Mylapore, Chennai, Tamil Nadu, India - 622166"
357,Mugdha Bir,3115795560,Electric Scooter,65,1.7,"Oommen Chowk, T. Nagar, Chennai, Tamil Nadu, India - 535473"
358,Janaki Ghosh,1108142178,Electric Scooter,238,1.56,"Gupta Marg, Anna Nagar, Chennai, Tamil Nadu, India - 102946"
359,Arunima Ramanathan,5458895543,Scooter,199,2.22,"Sunder Circle, T. Nagar, Chennai, Tamil Nadu, India - 940518"
360,Waida Master,9.10285E+11,Bike,186,1.64,"Arora Path, Guindy, Chennai, Tamil Nadu, India - 798873"
361,Harshil Samra,6467815045,Electric Scooter,274,4.09,"Raj Path, Adyar, Chennai, Tamil Nadu, India - 473380"
362,Vivaan Bala,9920954909,Scooter,14,3.76,"Deol Chowk, T. Nagar, Chennai, Tamil Nadu, India - 825030"
363,Oscar Patla,9407255427,Electric Bike,115,4.09,"Dey Zila, Mylapore, Chennai, Tamil Nadu, India - 760041"
364,Tarak Chada,9.10291E+11,Bike,108,1.87,"Dora Nagar, Nungambakkam, Chennai, Tamil Nadu, India - 252649"
365,Irya Arya,7147442312,Moped,119,3.77,"Vohra Chowk, Kilpauk, Chennai, Tamil Nadu, India - 136351"
366,Tanish Sekhon,423136070,Motorcycle,121,3.25,"Subramanian, Adyar, Chennai, Tamil Nadu, India - 608834"
367,Ati Shere,8247676079,Electric Scooter,211,2.39,"Mody Ganj, Nungambakkam, Chennai, Tamil Nadu, India - 012901"
368,Advika Shere,9.19657E+11,Moped,259,4.39,"Balasubramanian Marg, Kodambakkam, Chennai, Tamil Nadu, India - 323211"
369,Chakrika Lala,9.14903E+11,Electric Bike,229,3.08,"Raja Zila, Perungudi, Chennai, Tamil Nadu, India - 027540"
370,Oni Bath,7683649666,Motorcycle,40,4.34,"Malhotra Path, Guindy, Chennai, Tamil Nadu, India - 284190"
371,Shivansh Hayer,4785483761,Motorcycle,224,4.61,"Joshi Circle, Nungambakkam, Chennai, Tamil Nadu, India - 427118"
372,Barkha Minhas,188419936,Bike,13,4.2,"Sharma Street, Tambaram, Chennai, Tamil Nadu, India - 402472"
373,Abha Dass,4570893202,Electric Scooter,2,4.74,"Murty Circle, Guindy, Chennai, Tamil Nadu, India - 721811"
374,Krish Shukla,350614530,Electric Bike,79,3.27,"Kothari Path, Kodambakkam, Chennai, Tamil Nadu, India - 895097"
375,Zaitra Sinha,1415270178,Motorcycle,140,0.67,"Dhingra Marg, Anna Nagar, Chennai, Tamil Nadu, India - 687832"
376,Anvi Chacko,9.17685E+11,Electric Scooter,283,0.92,"Dass Path, Kodambakkam, Chennai, Tamil Nadu, India - 035016"
377,Warhi Bobal,9.13009E+11,Moped,221,3.88,"Handa Path, Adyar, Chennai, Tamil Nadu, India - 713192"
378,Amol Kibe,1919304797,Motorcycle,202,2.29,"Rama Circle, Adyar, Chennai, Tamil Nadu, India - 219766"
379,Andrew More,4765516598,Scooter,106,3.98,"Rout, Adyar, Chennai, Tamil Nadu, India - 357385"
380,Victor Naik,9.19186E+11,Scooter,93,2.32,"Sangha Marg, Guindy, Chennai, Tamil Nadu, India - 278727"
381,Girik Dar,7462707802,Electric Scooter,253,1.87,"Bose Zila, T. Nagar, Chennai, Tamil Nadu, India - 845860"
382,Oscar Dyal,9.13575E+11,Moped,164,4.06,"Mammen Path, Kilpauk, Chennai, Tamil Nadu, India - 646325"
383,Pranav Dugar,3424997215,Electric Scooter,242,4.69,"Randhawa, Guindy, Chennai, Tamil Nadu, India - 060661"
384,Urmi Khalsa,9.17461E+11,Moped,111,4.51,"Hora Road, Nungambakkam, Chennai, Tamil Nadu, India - 256293"
385,Mohini Karan,7154375726,Scooter,267,0.71,"Tailor Zila, Anna Nagar, Chennai, Tamil Nadu, India - 191145"
386,Warda Dalal,8452697345,Scooter,120,2.45,"Behl Nagar, Kodambakkam, Chennai, Tamil Nadu, India - 585082"
387,Lavanya Murty,9.11871E+11,Electric Scooter,118,1.08,"Handa Marg, Velachery, Chennai, Tamil Nadu, India - 638157"
388,Siddharth Mishra,3326559068,Moped,97,2.81,"Dass, Kodambakkam, Chennai, Tamil Nadu, India - 292086"
389,Chandani Pal,9.11606E+11,Bike,72,3.67,"Dutta Zila, Chrompet, Chennai, Tamil Nadu, India - 729583"
390,Leela Maharaj,6184065931,Electric Scooter,73,4.1,"Kota Zila, Kodambakkam, Chennai, Tamil Nadu, India - 957721"
391,Yasti Bhakta,1750418807,Motorcycle,51,0.32,"Sur Nagar, Kodambakkam, Chennai, Tamil Nadu, India - 549156"
392,Ansh Natt,9385604843,Moped,50,2.61,"Raghavan Nagar, Velachery, Chennai, Tamil Nadu, India - 857560"
393,Madhavi Nath,3902126229,Bike,185,3.19,"Randhawa, Tambaram, Chennai, Tamil Nadu, India - 571125"
394,Vrishti Cheema,9.18902E+11,Moped,287,0.25,"Kakar Zila, Perungudi, Chennai, Tamil Nadu, India - 610609"
395,Bhavini Natt,9.15984E+11,Electric Bike,212,1.45,"Pathak Street, Mylapore, Chennai, Tamil Nadu, India - 211026"
396,Keya Ravi,2926760338,Motorcycle,180,2.92,"Golla Ganj, Chrompet, Chennai, Tamil Nadu, India - 449982"
397,Riya Minhas,9.19051E+11,Electric Scooter,133,2.08,"Sahota Ganj, Guindy, Chennai, Tamil Nadu, India - 376253"
398,Radha Chadha,492757308,Electric Scooter,151,4.29,"Bora Circle, Kilpauk, Chennai, Tamil Nadu, India - 358168"
399,Vasudha Randhawa,9.14823E+11,Electric Bike,256,1.5,"Nagy Marg, Tambaram, Chennai, Tamil Nadu, India - 325434"
400,Niharika Deo,1235434145,Electric Scooter,28,4.11,"Karnik Street, Nungambakkam, Chennai, Tamil Nadu, India - 963100"
401,Aashi Bhattacharyya,8358531152,Motorcycle,17,4.44,"Singhal Street, T. Nagar, Chennai, Tamil Nadu, India - 400391"
402,Ati Ganguly,854880677,Bike,82,2,"Tara Street, Anna Nagar, Chennai, Tamil Nadu, India - 411704"
403,Chatura Gaba,9.16158E+11,Electric Scooter,238,0.93,"Bhatnagar Nagar, Mylapore, Chennai, Tamil Nadu, India - 620683"
404,Rachit Dugar,9698799547,Scooter,229,4.59,"Verma Street, Kilpauk, Chennai, Tamil Nadu, India - 558294"
405,Yashica Murty,2213993178,Electric Bike,263,4.26,"Badami Ganj, T. Nagar, Chennai, Tamil Nadu, India - 202104"
406,Mekhala Prabhu,4613607760,Electric Bike,270,4.61,"Kaul Chowk, Velachery, Chennai, Tamil Nadu, India - 268067"
407,Janya Lall,9.13053E+11,Electric Bike,220,3.32,"Kar Marg, Kilpauk, Chennai, Tamil Nadu, India - 666832"
408,Advika Kashyap,9.16791E+11,Electric Scooter,237,4.22,"Subramaniam, Adyar, Chennai, Tamil Nadu, India - 479919"
409,Rehaan Ratti,9.11869E+11,Bike,145,4.25,"Sha Ganj, Chrompet, Chennai, Tamil Nadu, India - 116385"
410,Chandani Murty,9.11937E+11,Electric Bike,162,4.75,"More Zila, Tambaram, Chennai, Tamil Nadu, India - 455386"
411,Chandresh Yohannan,9.19692E+11,Moped,107,0.14,"Luthra Path, Perungudi, Chennai, Tamil Nadu, India - 471103"
412,Indira Dada,9.15978E+11,Electric Scooter,154,3.82,"Bal Circle, Kilpauk, Chennai, Tamil Nadu, India - 787976"
413,Zehaan Ahuja,6515215535,Bike,158,2.83,"Kunda Nagar, Tambaram, Chennai, Tamil Nadu, India - 330756"
414,Prisha Mohanty,2158217462,Electric Bike,129,2.79,"Dixit, Kodambakkam, Chennai, Tamil Nadu, India - 935817"
415,Xiti Mani,2517172599,Motorcycle,3,3.71,"Deshpande Path, Adyar, Chennai, Tamil Nadu, India - 531065"
416,Arunima Thaker,9.1082E+11,Motorcycle,224,2.74,"Rai Marg, Perungudi, Chennai, Tamil Nadu, India - 928380"
417,Mohammed Sidhu,4939461392,Moped,58,1.47,"Dhillon Nagar, Kodambakkam, Chennai, Tamil Nadu, India - 044910"
418,Priya Dâ€™Alia,7816948584,Bike,180,0.05,"Raval Path, Guindy, Chennai, Tamil Nadu, India - 294459"
419,Simon Sarkar,9.13766E+11,Moped,145,4.28,"Basu Path, Chrompet, Chennai, Tamil Nadu, India - 828345"
420,Jyoti Muni,9836904818,Electric Bike,280,2.85,"Kala Zila, Mylapore, Chennai, Tamil Nadu, India - 473171"
421,Adweta Gokhale,9.17637E+11,Scooter,97,0.7,"Narang Marg, Adyar, Chennai, Tamil Nadu, India - 884784"
422,Yoshita Aurora,1105108620,Scooter,129,3.47,"Rao Ganj, Mylapore, Chennai, Tamil Nadu, India - 867671"
423,Faris Dar,7371434025,Electric Bike,155,3.57,"Jha Ganj, Nungambakkam, Chennai, Tamil Nadu, India - 902011"
424,Ekta Banerjee,5321455458,Electric Bike,94,0.71,"Ghosh Ganj, Perungudi, Chennai, Tamil Nadu, India - 927068"
425,Aarini Dayal,6545249693,Motorcycle,171,2.17,"Nazareth Street, Tambaram, Chennai, Tamil Nadu, India - 464832"
426,Ayush Dada,4079746864,Moped,225,3.06,"Upadhyay Zila, Kilpauk, Chennai, Tamil Nadu, India - 013621"
427,Logan Gokhale,2268740494,Motorcycle,235,4.35,"Ganesan Circle, Anna Nagar, Chennai, Tamil Nadu, India - 111709"
428,Shaurya Sarkar,9.10239E+11,Moped,25,4.78,"Bora Ganj, Perungudi, Chennai, Tamil Nadu, India - 565367"
429,Maanas Uppal,8208142802,Motorcycle,232,1.38,"Kuruvilla Chowk, T. Nagar, Chennai, Tamil Nadu, India - 475909"
430,Dhruv Khosla,9.15288E+11,Moped,208,3.34,"Mittal Nagar, Mylapore, Chennai, Tamil Nadu, India - 887427"
431,Yochana Misra,705284566,Motorcycle,198,4.27,"Nigam Marg, Anna Nagar, Chennai, Tamil Nadu, India - 767662"
432,Naksh Khurana,9.10158E+11,Electric Scooter,159,4.68,"Suri Path, Perungudi, Chennai, Tamil Nadu, India - 976073"
433,Jack Bakshi,9.15101E+11,Electric Bike,13,0.45,"Goyal Road, Tambaram, Chennai, Tamil Nadu, India - 092007"
434,Vihaan Batra,3069373255,Electric Scooter,262,2.6,"Shah, T. Nagar, Chennai, Tamil Nadu, India - 448769"
435,Vidhi Samra,9847097595,Electric Scooter,270,3.04,"Kannan Marg, Nungambakkam, Chennai, Tamil Nadu, India - 418000"
436,Quincy Apte,3063325296,Electric Bike,185,3.84,"Choudhary Ganj, Chrompet, Chennai, Tamil Nadu, India - 439494"
437,Ishanvi Palla,8456100183,Motorcycle,123,4.9,"Khatri Chowk, Perungudi, Chennai, Tamil Nadu, India - 493423"
438,Qabil Dubey,7211511805,Bike,109,4.5,"Gole Street, T. Nagar, Chennai, Tamil Nadu, India - 768960"
439,Anvi Tailor,3339802679,Scooter,198,0.47,"Mukhopadhyay Path, Adyar, Chennai, Tamil Nadu, India - 623461"
440,Hemani Toor,9.10078E+11,Electric Scooter,52,3.08,"Gill Street, Guindy, Chennai, Tamil Nadu, India - 243577"
441,Fitan Nanda,9.11378E+11,Electric Bike,231,0.79,"Bal Circle, Kodambakkam, Chennai, Tamil Nadu, India - 586997"
442,Ishanvi Bandi,6145628283,Bike,196,4.01,"Sengupta Ganj, T. Nagar, Chennai, Tamil Nadu, India - 601207"
443,Osha Sampath,5962278738,Bike,217,3.17,"Parmar Path, Kodambakkam, Chennai, Tamil Nadu, India - 610373"
444,Caleb Gill,7397694690,Scooter,182,3.52,"Sant Nagar, Nungambakkam, Chennai, Tamil Nadu, India - 680942"
445,Rajata Badami,9.15492E+11,Moped,256,3.86,"Puri Chowk, Kilpauk, Chennai, Tamil Nadu, India - 660998"
446,Shivansh Dhillon,8897928955,Scooter,271,3.66,"Butala Nagar, Anna Nagar, Chennai, Tamil Nadu, India - 602699"
447,Harrison Dhawan,9.1478E+11,Motorcycle,200,1.86,"Parikh, Mylapore, Chennai, Tamil Nadu, India - 646872"
448,Yagnesh Kapadia,8703760276,Moped,98,1.06,"Wagle Circle, Mylapore, Chennai, Tamil Nadu, India - 480434"
449,Samaksh Varughese,7919269925,Bike,127,0.98,"Rattan Street, Kilpauk, Chennai, Tamil Nadu, India - 128899"
450,Amaira Parmar,1467480535,Motorcycle,232,4.82,"Doshi Ganj, Tambaram, Chennai, Tamil Nadu, India - 961021"
451,Maanas Yadav,2854134375,Moped,43,3.82,"Ramanathan Nagar, Kilpauk, Chennai, Tamil Nadu, India - 976200"
452,Neha Bera,9.17068E+11,Motorcycle,146,0.83,"Loyal Road, Mylapore, Chennai, Tamil Nadu, India - 684218"
453,Udant Sani,9228976053,Motorcycle,245,1.39,"Srinivasan, Adyar, Chennai, Tamil Nadu, India - 084454"
454,Vedant Ratti,9.18126E+11,Electric Scooter,235,3.73,"Pant Ganj, Nungambakkam, Chennai, Tamil Nadu, India - 969893"
455,Balhaar Chander,3603211017,Electric Bike,82,2.76,"Batta Circle, Kilpauk, Chennai, Tamil Nadu, India - 966729"
456,Girindra Bhakta,9.14882E+11,Bike,277,2.03,"Din, Kilpauk, Chennai, Tamil Nadu, India - 736892"
457,Henry Swamy,2518540334,Electric Bike,238,2.18,"Varty Path, Velachery, Chennai, Tamil Nadu, India - 382484"
458,Charan Rege,9.15108E+11,Bike,110,3.04,"Modi Path, Adyar, Chennai, Tamil Nadu, India - 105370"
459,Shivani Jayaraman,8895729722,Electric Scooter,31,0.71,"Date Chowk, Kodambakkam, Chennai, Tamil Nadu, India - 597186"
460,Charvi Swaminathan,6854725293,Motorcycle,84,0.2,"Sachdev Road, Adyar, Chennai, Tamil Nadu, India - 727530"
461,Ekantika Brahmbhatt,9403615524,Electric Bike,71,3.07,"Chopra Chowk, Velachery, Chennai, Tamil Nadu, India - 092022"
462,Mahika Keer,5010853452,Electric Scooter,25,3.54,"Cheema, Anna Nagar, Chennai, Tamil Nadu, India - 960881"
463,Deepa Patla,5516800615,Moped,109,3.11,"Gour, Kodambakkam, Chennai, Tamil Nadu, India - 244239"
464,Jhalak Saran,9.19892E+11,Electric Bike,279,2.89,"Iyengar Zila, Guindy, Chennai, Tamil Nadu, India - 006846"
465,Manan Kar,9.10723E+11,Electric Bike,107,3.41,"Barman Nagar, Mylapore, Chennai, Tamil Nadu, India - 675467"
466,Anya Bala,9731299899,Electric Scooter,287,0.77,"Nadig Circle, Adyar, Chennai, Tamil Nadu, India - 605193"
467,Aarav Dada,8440743665,Electric Scooter,158,3,"Khanna Marg, Adyar, Chennai, Tamil Nadu, India - 011517"
468,Gayathri Sawhney,2333609951,Scooter,121,1.25,"Sha Marg, Mylapore, Chennai, Tamil Nadu, India - 973920"
469,Finn Sabharwal,8564643758,Scooter,236,3.89,"Som Zila, Anna Nagar, Chennai, Tamil Nadu, India - 799294"
470,Dhriti Bali,4392133026,Electric Bike,151,0.07,"Baria Street, Kilpauk, Chennai, Tamil Nadu, India - 162807"
471,Nikita Dave,9.1699E+11,Motorcycle,75,3.91,"Borde Path, T. Nagar, Chennai, Tamil Nadu, India - 053741"
472,Jeet Sami,9.19971E+11,Electric Scooter,119,4.7,"Issac Chowk, Adyar, Chennai, Tamil Nadu, India - 317552"
473,Yachana Choudhary,9.10552E+11,Bike,92,2.87,"Raman Chowk, Guindy, Chennai, Tamil Nadu, India - 862201"
474,Laban Lata,9.17957E+11,Electric Bike,163,4.48,"Ganesan Road, Mylapore, Chennai, Tamil Nadu, India - 783906"
475,Advay Srinivasan,9.16599E+11,Bike,296,3.55,"Nagar Circle, Guindy, Chennai, Tamil Nadu, India - 941670"
476,Darika Mangat,9.11396E+11,Moped,38,3.78,"Khosla, Kilpauk, Chennai, Tamil Nadu, India - 163543"
477,Tarak Apte,9.14406E+11,Electric Bike,148,3.58,"Pandit Zila, Anna Nagar, Chennai, Tamil Nadu, India - 131403"
478,Gautam Jhaveri,5668193413,Electric Bike,59,2.57,"Sahota, Adyar, Chennai, Tamil Nadu, India - 517930"
479,Upkaar Loke,1833910284,Motorcycle,171,4.53,"Doshi Chowk, Mylapore, Chennai, Tamil Nadu, India - 990851"
480,Libni Dhar,9014348730,Electric Scooter,39,3.38,"Goswami Chowk, Adyar, Chennai, Tamil Nadu, India - 853187"
481,Avni Sundaram,9.15336E+11,Moped,201,1.64,"Swaminathan Circle, Guindy, Chennai, Tamil Nadu, India - 034729"
482,Ayush Sood,154436953,Scooter,184,1.19,"Oak Street, Kilpauk, Chennai, Tamil Nadu, India - 081416"
483,Forum Handa,9.15774E+11,Bike,84,3.85,"Bumb Marg, Perungudi, Chennai, Tamil Nadu, India - 024981"
484,Benjamin Dube,9.1329E+11,Electric Scooter,251,2.63,"Iyer Ganj, T. Nagar, Chennai, Tamil Nadu, India - 639819"
485,Tristan Sinha,9.13661E+11,Electric Scooter,168,0.89,"Aggarwal Marg, Adyar, Chennai, Tamil Nadu, India - 544528"
486,Yatan Badal,1097062290,Scooter,69,0.05,"Zacharia Circle, Perungudi, Chennai, Tamil Nadu, India - 146554"
487,Bhanumati Bahl,7756233062,Bike,74,0.78,"Bumb Chowk, Kilpauk, Chennai, Tamil Nadu, India - 527274"
488,Niharika Chaudhry,4538947648,Scooter,59,4.5,"Wali Path, Chrompet, Chennai, Tamil Nadu, India - 090333"
489,Luke Arora,9.13212E+11,Bike,16,0.78,"Sarraf Ganj, Anna Nagar, Chennai, Tamil Nadu, India - 937491"
490,Urmi Wali,9.1001E+11,Scooter,225,2.07,"Natarajan Road, Guindy, Chennai, Tamil Nadu, India - 616749"
491,Girindra Barad,5509467908,Motorcycle,24,3.83,"Pal Chowk, Chrompet, Chennai, Tamil Nadu, India - 984904"
492,Nilima Kamdar,5844272920,Bike,297,4,"Kata Road, Adyar, Chennai, Tamil Nadu, India - 881095"
493,Farhan Puri,2663351989,Motorcycle,6,0.74,"Mangal Circle, Kilpauk, Chennai, Tamil Nadu, India - 380060"
494,Onkar Chaudhary,9.16119E+11,Bike,174,3.33,"Dyal Path, Velachery, Chennai, Tamil Nadu, India - 033248"
495,Dominic Patil,9.11533E+11,Electric Scooter,162,2.01,"Suri Chowk, Kilpauk, Chennai, Tamil Nadu, India - 449934"
496,Priya Brahmbhatt,2975769582,Moped,186,0.92,"Choudhary Marg, Nungambakkam, Chennai, Tamil Nadu, India - 292932"
497,Krisha Varkey,5607305093,Electric Scooter,119,2.73,"Mistry Zila, Chrompet, Chennai, Tamil Nadu, India - 965952"
498,William Wali,4953683663,Electric Scooter,254,0.23,"Rastogi Chowk, T. Nagar, Chennai, Tamil Nadu, India - 175538"
499,Radhika Jani,5001126078,Moped,242,4.98,"Ratti Circle, Kilpauk, Chennai, Tamil Nadu, India - 186488"
500,Divya Aggarwal,9.17961E+11,Scooter,202,1.09,"Dar Street, Guindy, Chennai, Tamil Nadu, India - 727508"
